{
	"info": {
		"_postman_id": "ae98a33c-3876-4c91-a189-af775365e107",
		"name": "Payment Trash",
		"schema": "https://schema.getpostman.com/json/collection/v2.1.0/collection.json",
		"_exporter_id": "25087935"
	},
	"item": [
		{
			"name": "Customer",
			"item": [
				{
					"name": "Delete Customer",
					"request": {
						"method": "DELETE",
						"header": [],
						"url": {
							"raw": "localhost:3000/customer",
							"host": [
								"localhost"
							],
							"port": "3000",
							"path": [
								"customer"
							]
						}
					},
					"response": []
				},
				{
					"name": "Add Customer",
					"request": {
						"method": "POST",
						"header": [],
						"body": {
							"mode": "urlencoded",
							"urlencoded": [
								{
									"key": "id_user",
									"value": "123",
									"type": "text"
								},
								{
									"key": "password",
									"value": "123456",
									"type": "text"
								},
								{
									"key": "name",
									"value": "Jojo",
									"type": "text"
								},
								{
									"key": "address",
									"value": "Yogyakarta",
									"type": "text"
								},
								{
									"key": "id_number",
									"value": "345345345345",
									"type": "text"
								},
								{
									"key": "regristation",
									"value": "09-09-2023 15:00",
									"type": "text",
									"disabled": true
								}
							]
						},
						"url": {
							"raw": "localhost:3000/customer",
							"host": [
								"localhost"
							],
							"port": "3000",
							"path": [
								"customer"
							]
						}
					},
					"response": []
				},
				{
					"name": "Get Customer",
					"request": {
						"method": "GET",
						"header": [],
						"url": {
							"raw": "localhost:3000/customer",
							"host": [
								"localhost"
							],
							"port": "3000",
							"path": [
								"customer"
							]
						}
					},
					"response": []
				},
				{
					"name": "Put Customer",
					"request": {
						"method": "PUT",
						"header": [],
						"body": {
							"mode": "urlencoded",
							"urlencoded": [
								{
									"key": "id_user ",
									"value": "123",
									"type": "text"
								},
								{
									"key": "name",
									"value": "Sinta Sini",
									"type": "text"
								},
								{
									"key": "password",
									"value": "232323",
									"type": "text"
								},
								{
									"key": "address",
									"value": "Sleman",
									"type": "text"
								},
								{
									"key": "id_number ",
									"value": "234235",
									"type": "text"
								}
							]
						},
						"url": {
							"raw": "localhost:3000/customer",
							"host": [
								"localhost"
							],
							"port": "3000",
							"path": [
								"customer"
							]
						}
					},
					"response": []
				},
				{
					"name": "Get CustomerByID",
					"request": {
						"method": "GET",
						"header": []
					},
					"response": []
				}
			]
		},
		{
			"name": "Debit",
			"item": [
				{
					"name": "Delete Debit",
					"request": {
						"method": "DELETE",
						"header": [],
						"url": {
							"raw": "localhost:3000/debit",
							"host": [
								"localhost"
							],
							"port": "3000",
							"path": [
								"debit"
							]
						}
					},
					"response": []
				},
				{
					"name": "Add Debit",
					"request": {
						"method": "POST",
						"header": [],
						"body": {
							"mode": "urlencoded",
							"urlencoded": [
								{
									"key": "id_user",
									"value": "123",
									"type": "text"
								},
								{
									"key": "password",
									"value": "123456",
									"type": "text"
								},
								{
									"key": "name",
									"value": "Jojo",
									"type": "text"
								},
								{
									"key": "address",
									"value": "Yogyakarta",
									"type": "text"
								},
								{
									"key": "id_number",
									"value": "345345345345",
									"type": "text"
								},
								{
									"key": "regristation",
									"value": "09-09-2023 15:00",
									"type": "text",
									"disabled": true
								}
							]
						},
						"url": {
							"raw": "localhost:3000/customer",
							"host": [
								"localhost"
							],
							"port": "3000",
							"path": [
								"customer"
							]
						}
					},
					"response": []
				},
				{
					"name": "Get Debit",
					"request": {
						"method": "GET",
						"header": [],
						"url": {
							"raw": "localhost:3000/debit",
							"host": [
								"localhost"
							],
							"port": "3000",
							"path": [
								"debit"
							]
						}
					},
					"response": []
				},
				{
					"name": "Put Customer",
					"request": {
						"method": "PUT",
						"header": [],
						"body": {
							"mode": "urlencoded",
							"urlencoded": [
								{
									"key": "id_user ",
									"value": "123",
									"type": "text"
								},
								{
									"key": "name",
									"value": "Sinta Sini",
									"type": "text"
								},
								{
									"key": "password",
									"value": "232323",
									"type": "text"
								},
								{
									"key": "address",
									"value": "Sleman",
									"type": "text"
								},
								{
									"key": "id_number ",
									"value": "234235",
									"type": "text"
								}
							]
						},
						"url": {
							"raw": "localhost:3000/customer",
							"host": [
								"localhost"
							],
							"port": "3000",
							"path": [
								"customer"
							]
						}
					},
					"response": []
				},
				{
					"name": "Get DebitByID",
					"request": {
						"method": "GET",
						"header": [],
						"url": {
							"raw": "localhost:3000/debit/234",
							"host": [
								"localhost"
							],
							"port": "3000",
							"path": [
								"debit",
								"234"
							]
						}
					},
					"response": []
				}
			]
		},
		{
			"name": "Debit Copy",
			"item": [
				{
					"name": "Delete Debit",
					"request": {
						"method": "DELETE",
						"header": [],
						"url": {
							"raw": "localhost:3000/debit",
							"host": [
								"localhost"
							],
							"port": "3000",
							"path": [
								"debit"
							]
						}
					},
					"response": []
				},
				{
					"name": "Add Credit",
					"request": {
						"method": "POST",
						"header": [],
						"body": {
							"mode": "urlencoded",
							"urlencoded": [
								{
									"key": "id_user",
									"value": "123",
									"type": "text"
								},
								{
									"key": "password",
									"value": "123456",
									"type": "text"
								},
								{
									"key": "name",
									"value": "Jojo",
									"type": "text"
								},
								{
									"key": "address",
									"value": "Yogyakarta",
									"type": "text"
								},
								{
									"key": "id_number",
									"value": "345345345345",
									"type": "text"
								},
								{
									"key": "regristation",
									"value": "09-09-2023 15:00",
									"type": "text",
									"disabled": true
								}
							]
						},
						"url": {
							"raw": "localhost:3000/credit",
							"host": [
								"localhost"
							],
							"port": "3000",
							"path": [
								"credit"
							]
						}
					},
					"response": []
				},
				{
					"name": "Get Credit",
					"request": {
						"method": "GET",
						"header": [],
						"url": {
							"raw": "localhost:3000/debit",
							"host": [
								"localhost"
							],
							"port": "3000",
							"path": [
								"debit"
							]
						}
					},
					"response": []
				},
				{
					"name": "Put Credit",
					"request": {
						"method": "PUT",
						"header": [],
						"body": {
							"mode": "urlencoded",
							"urlencoded": [
								{
									"key": "id_user ",
									"value": "123",
									"type": "text"
								},
								{
									"key": "id_type",
									"value": "3",
									"type": "text"
								},
								{
									"key": "weight",
									"value": "20",
									"type": "text"
								},
								{
									"key": "credit",
									"value": "20000",
									"type": "text"
								},
								{
									"key": "id_number ",
									"value": "234235",
									"type": "text",
									"disabled": true
								}
							]
						},
						"url": {
							"raw": "localhost:3000/credit/123",
							"host": [
								"localhost"
							],
							"port": "3000",
							"path": [
								"credit",
								"123"
							]
						}
					},
					"response": []
				},
				{
					"name": "Get DebitByID",
					"request": {
						"method": "GET",
						"header": [],
						"url": {
							"raw": "localhost:3000/debit/234",
							"host": [
								"localhost"
							],
							"port": "3000",
							"path": [
								"debit",
								"234"
							]
						}
					},
					"response": []
				}
			]
		},
		{
			"name": "Type Waste",
			"item": [
				{
					"name": "Get All Type Waste",
					"request": {
						"method": "GET",
						"header": []
					},
					"response": []
				},
				{
					"name": "Add Type Waste",
					"request": {
						"method": "POST",
						"header": [],
						"url": {
							"raw": "localhost:3000/type-waste?idtype=4&type=Plastik&price=4000",
							"host": [
								"localhost"
							],
							"port": "3000",
							"path": [
								"type-waste"
							],
							"query": [
								{
									"key": "idtype",
									"value": "4"
								},
								{
									"key": "type",
									"value": "Plastik"
								},
								{
									"key": "price",
									"value": "4000"
								}
							]
						}
					},
					"response": []
				},
				{
					"name": "Put Type Waste",
					"request": {
						"method": "PUT",
						"header": [],
						"body": {
							"mode": "urlencoded",
							"urlencoded": [
								{
									"key": "id_type",
									"value": "1",
									"type": "text"
								},
								{
									"key": "type",
									"value": "Plastik",
									"type": "text"
								},
								{
									"key": "price",
									"value": "1000",
									"type": "text"
								},
								{
									"key": "address",
									"value": "Sleman",
									"type": "text",
									"disabled": true
								},
								{
									"key": "id_number ",
									"value": "234235",
									"type": "text",
									"disabled": true
								}
							]
						},
						"url": {
							"raw": "localhost:3000/type-waste",
							"host": [
								"localhost"
							],
							"port": "3000",
							"path": [
								"type-waste"
							]
						}
					},
					"response": []
				},
				{
					"name": "Get TypeWasteByID",
					"request": {
						"method": "GET",
						"header": [],
						"url": {
							"raw": "localhost:3000/type-waste/1",
							"host": [
								"localhost"
							],
							"port": "3000",
							"path": [
								"type-waste",
								"1"
							]
						}
					},
					"response": []
				},
				{
					"name": "Delete Type Waste",
					"request": {
						"method": "DELETE",
						"header": [],
						"url": {
							"raw": "localhost:3000/type-waste/1",
							"host": [
								"localhost"
							],
							"port": "3000",
							"path": [
								"type-waste",
								"1"
							]
						}
					},
					"response": []
				}
			]
		},
		{
			"name": "Load",
			"item": [
				{
					"name": "Get All Load",
					"request": {
						"method": "GET",
						"header": []
					},
					"response": []
				},
				{
					"name": "Add Load",
					"request": {
						"method": "POST",
						"header": [],
						"url": {
							"raw": "localhost:3000/type-waste?idtype=4&type=Plastik&price=4000",
							"host": [
								"localhost"
							],
							"port": "3000",
							"path": [
								"type-waste"
							],
							"query": [
								{
									"key": "idtype",
									"value": "4"
								},
								{
									"key": "type",
									"value": "Plastik"
								},
								{
									"key": "price",
									"value": "4000"
								}
							]
						}
					},
					"response": []
				},
				{
					"name": "Put Load",
					"request": {
						"method": "PUT",
						"header": [],
						"body": {
							"mode": "urlencoded",
							"urlencoded": [
								{
									"key": "id_type",
									"value": "1",
									"type": "text"
								},
								{
									"key": "type",
									"value": "Plastik",
									"type": "text"
								},
								{
									"key": "price",
									"value": "1000",
									"type": "text"
								},
								{
									"key": "address",
									"value": "Sleman",
									"type": "text",
									"disabled": true
								},
								{
									"key": "id_number ",
									"value": "234235",
									"type": "text",
									"disabled": true
								}
							]
						},
						"url": {
							"raw": "localhost:3000/type-waste",
							"host": [
								"localhost"
							],
							"port": "3000",
							"path": [
								"type-waste"
							]
						}
					},
					"response": []
				},
				{
					"name": "Get LoadByID",
					"request": {
						"method": "GET",
						"header": [],
						"url": {
							"raw": "localhost:3000/type-waste/1",
							"host": [
								"localhost"
							],
							"port": "3000",
							"path": [
								"type-waste",
								"1"
							]
						}
					},
					"response": []
				},
				{
					"name": "Delete Load",
					"request": {
						"method": "DELETE",
						"header": [],
						"url": {
							"raw": "localhost:3000/type-waste/1",
							"host": [
								"localhost"
							],
							"port": "3000",
							"path": [
								"type-waste",
								"1"
							]
						}
					},
					"response": []
				}
			]
		}
	]
}